Workbook

Sheet Cover
A1: APK7 - Event Group + Software Timer over the UART Link
A2: Software Requirements Specification (ASPICE SYS.2 / SWE.1 / SWE.6 traceability)
A4: Document ID | B4: APK7-SRS-001
A5: Version | B5: 1.0
A6: Date | B6: 2026-10-11
A7: Author | B7: M. Hanzouti
A8: Project | B8: f4_disco_rtos - RTOS training
A9: Target | B9: STM32F407G-DISC1, FreeRTOS
A10: Tools | B10: STM32CubeIDE, tools/apk7_gui.py (PyQt5, pyserial)
A11: Type | B11: Student exercise - solution in apk7.c, template in apk7_student.c
A12: Document status | B12: Draft
A14: Revision history
A15: Version | B15: Date | C15: Author | D15: Change
A16: 1.0 | B16: 2026-10-11 | C16: M. Hanzouti | D16: Initial version
A20: Sheets
A21: System Requirements | B21: SYS.2 - system requirements derived from the training goals.
A22: SW Requirements | B22: SWE.1 - software requirements, attributes, parent link, allocation, verification.
A23: Exercise | B23: Student work: TODO steps, APIs, points, questions.
A24: Events & Timers | B24: Frames, event bits and the software timer.
A25: SW Components | B25: SWE.2 - software architecture elements requirements are allocated to.
A26: Test Specification | B26: SWE.6 - test cases with expected results; Result column to fill in.
A27: Traceability | B27: SW requirement x test case matrix with coverage check.
A28: Dashboard | B28: Live counts: status, type, verification coverage, test results.
A29: Legend
A30: Yellow cells | B30: Editable attributes with a drop-down list (Status, Priority, Method, Result).
A31: 'shall' | B31: Mandatory requirement wording; one 'shall' per requirement.
A32: Status | B32: Draft > In review > Accepted (or Rejected / Deferred).
A33: Verification method | B33: Test, Analysis, Review, Inspection, Demonstration.

Sheet Exercise
A1: Student exercise - APK7
A2: APK7-SRS-001 | Version 1.0 | Start from Core/Src/apk7_student.c, select #define APK7_STUDENT in main.h
A3: Goal: when BUTTON 1 and BUTTON 2 are received (any order), start a 5 s timer and report its end. Complete the TODOs, run the tests with apk7_gui.py, answer the questions. No global flags, no vTaskDelay.
A5: Step | B5: TODO | C5: What to do | D5: FreeRTOS API | E5: Requirements | F5: Points | G5: Done (x)
A6: 1 | B6: TODO 1 | C6: Define the 3 event bits | D6: #define, (1u << n) | E6: SW-REQ-004 | F6: 1
A7: 2 | B7: TODO 2 | C7: Create the event group | D7: xEventGroupCreate | E7: SW-REQ-003 | F7: 1
A8: 3 | B8: TODO 3 | C8: Create the one-shot 5 s timer | D8: xTimerCreate (uxAutoReload = pdFALSE) | E8: SW-REQ-007 | F8: 2
A9: 4 | B9: TODO 4, 5 | C9: Set the button bit when a button frame arrives | D9: xEventGroupSetBits | E9: SW-REQ-005 | F9: 2
A10: 5 | B10: TODO 6 | C10: Wait for BUTTON 1 AND BUTTON 2, clear on exit | D10: xEventGroupWaitBits (pdTRUE, pdTRUE, portMAX_DELAY) | E10: SW-REQ-008 | F10: 3
A11: 6 | B11: TODO 7 | C11: Start the timer | D11: xTimerStart | E11: SW-REQ-009 | F11: 1
A12: 7 | B12: TODO 9 | C12: Timer callback: set the timeout bit | D12: xEventGroupSetBits | E12: SW-REQ-010 | F12: 2
A13: 8 | B13: TODO 8 | C13: Wait for the timeout bit | D13: xEventGroupWaitBits | E13: SW-REQ-011 | F13: 2
A14: 9 | B14: Tests | C14: Run TC-01 to TC-06 with tools/apk7_gui.py and fill the Test Specification sheet | D14: GUI log time stamps | E14: all | F14: 4
E15: Total | F15: =SUM(F6:F14)
E16: Done | F16: =SUMIF(G6:G14,"x",F6:F14)
A18: Questions
A19: # | B19: Question | E19: Your answer
A20: Q1 | B20: In TODO 6, what happens if xWaitForAllBits is pdFALSE? Try it and describe the behaviour.
A21: Q2 | B21: In TODO 6, what happens if xClearOnExit is pdFALSE? Try it and describe the behaviour.
A22: Q3 | B22: Click BUTTON 2 three times, then BUTTON 1. How many timers start? Why? (bits or counters?)
A23: Q4 | B23: Why does the timer callback only set a bit instead of sending the UART frame itself?
A24: Q5 | B24: What would happen if the timer were created with uxAutoReload = pdTRUE?
A25: Q6 | B25: Buttons clicked while the timer runs: what happens after it expires, and why? How would you ignore them? (hint: xEventGroupClearBits)
A26: Q7 | B26: Extension: add BUTTON_3 (0x42) = cancel. It stops the timer (xTimerStop) and sends EVT_TIMER_CANCELLED (0x52). Which bit do you add?

Sheet System Requirements
A1: System Requirements (SYS.2)
A2: APK7-SRS-001 | Version 1.0 | Stakeholder: RTOS training
A4: ID | B4: Title | C4: Requirement | D4: Type | E4: Rationale | F4: Priority | G4: Status | H4: Verification method | I4: # SW req linked
A5: SYS-REQ-001 | B5: PC buttons | C5: The PC GUI shall provide two buttons, BUTTON 1 and BUTTON 2; each click sends one frame to the STM32. | D5: Functional | E5: User input of the lab. | F5: High | G5: Accepted | H5: Test | I5: =COUNTIF('SW Requirements'!$F$5:$F$200,"*"&A5&"*")
A6: SYS-REQ-002 | B6: Combined condition | C6: When both buttons have been received, in any order, the STM32 shall start a 5 s timer. | D6: Functional | E6: Synchronisation of two independent events. | F6: High | G6: Accepted | H6: Test | I6: =COUNTIF('SW Requirements'!$F$5:$F$200,"*"&A6&"*")
A7: SYS-REQ-003 | B7: Timer notification | C7: The STM32 shall inform the PC when the timer starts and when it expires; the GUI shall display the timer state and a countdown. | D7: Functional | E7: Visible result of the timer. | F7: High | G7: Accepted | H7: Test | I7: =COUNTIF('SW Requirements'!$F$5:$F$200,"*"&A7&"*")
A8: SYS-REQ-004 | B8: Board LEDs | C8: The board shall show button 1 received (green), button 2 received (orange) and timer running (blue). | D8: Functional | E8: Feedback on the board. | F8: High | G8: Accepted | H8: Test | I8: =COUNTIF('SW Requirements'!$F$5:$F$200,"*"&A8&"*")
A9: SYS-REQ-005 | B9: Communication | C9: PC and STM32 shall use the APK5 link layer: 3-byte frames SOF 0xAA - CMD - DATA, UART 115200 8N1. | D9: Interface | E9: Reuse of APK5. | F9: High | G9: Accepted | H9: Test | I9: =COUNTIF('SW Requirements'!$F$5:$F$200,"*"&A9&"*")
A10: SYS-REQ-006 | B10: Training constraint | C10: The STM32 design shall use one FreeRTOS event group and one software timer; no global flags, no polling, no vTaskDelay for the 5 s. | D10: Constraint | E10: Objective of the exercise. | F10: High | G10: Accepted | H10: Test | I10: =COUNTIF('SW Requirements'!$F$5:$F$200,"*"&A10&"*")

Sheet SW Requirements
A1: Software Requirements (SWE.1)
A2: APK7-SRS-001 | Version 1.0 | Parent: System Requirements | Allocation: SW Components
A4: ID | B4: Title | C4: Requirement | D4: Type | E4: SW component (SWE.2) | F4: Parent SYS req | G4: Rationale | H4: Priority | I4: Status | J4: Verification method | K4: Acceptance criteria | L4: Test case(s) (SWE.6) | M4: Release | N4: Parent valid | O4: Comment
A5: SW-REQ-001 | B5: Link layer | C5: The firmware shall reuse the APK5 link layer: RX interrupt state machine, QueueFrame, LinkLayer task, SendFrame under xUartMutex. | D5: Functional | E5: SWC-ISR, SWC-QUEUE, SWC-LL, SWC-TX | F5: SYS-REQ-005 | G5: Already validated in APK5. | H5: High | I5: Accepted | J5: Test | K5: PING answered. | L5: TC-01 | M5: R1.0 | N5: =IF(ISNUMBER(MATCH(LEFT(F5,11),'System Requirements'!$A$5:$A$10,0)),"OK","MISSING")
A6: SW-REQ-002 | B6: Button commands | C6: BUTTON_1 (0x40) and BUTTON_2 (0x41) shall be answered with CMD|0x80 and status 0x00; any other command except PING shall be answered 0xE1. | D6: Interface | E6: SWC-LL | F6: SYS-REQ-001, SYS-REQ-005 | G6: Each click is acknowledged. | H6: High | I6: Accepted | J6: Test | K6: AA 40 00 -> AA C0 00; AA 41 00 -> AA C1 00; AA 42 00 -> AA C2 E1. | L6: TC-02, TC-06 | M6: R1.0 | N6: =IF(ISNUMBER(MATCH(LEFT(F6,11),'System Requirements'!$A$5:$A$10,0)),"OK","MISSING")
A7: SW-REQ-003 | B7: Event group | C7: One event group EgButtons shall be created before the scheduler starts. | D7: Functional | E7: SWC-EG | F7: SYS-REQ-006 | G7: Single synchronisation object. | H7: High | I7: Accepted | J7: Review | K7: xEventGroupCreate once in run_apk(). | L7: TC-07 | M7: R1.0 | N7: =IF(ISNUMBER(MATCH(LEFT(F7,11),'System Requirements'!$A$5:$A$10,0)),"OK","MISSING")
A8: SW-REQ-004 | B8: Event bits | C8: EgButtons shall use bit 0 EV_BUTTON_1, bit 1 EV_BUTTON_2, bit 2 EV_TIMEOUT. | D8: Interface | E8: SWC-EG | F8: SYS-REQ-006 | G8: Shared definition. | H8: High | I8: Accepted | J8: Review | K8: Defines match the Events & Timer sheet. | L8: TC-07 | M8: R1.0 | N8: =IF(ISNUMBER(MATCH(LEFT(F8,11),'System Requirements'!$A$5:$A$10,0)),"OK","MISSING")
A9: SW-REQ-005 | B9: Set button bits | C9: On BUTTON_1 the LinkLayer task shall set EV_BUTTON_1 and switch on PD12; on BUTTON_2 it shall set EV_BUTTON_2 and switch on PD13. | D9: Functional | E9: SWC-LL | F9: SYS-REQ-002, SYS-REQ-004 | G9: Producer side of the event group. | H9: High | I9: Accepted | J9: Test | K9: LED on after each button. | L9: TC-02 | M9: R1.0 | N9: =IF(ISNUMBER(MATCH(LEFT(F9,11),'System Requirements'!$A$5:$A$10,0)),"OK","MISSING")
A10: SW-REQ-006 | B10: Repeated button | C10: Receiving the same button several times before the other one shall have no extra effect (the bit is already set). | D10: Functional | E10: SWC-EG | F10: SYS-REQ-002 | G10: Event bits are flags, not counters. | H10: Medium | I10: Accepted | J10: Test | K10: B2, B2, B1 -> exactly one timer start. | L10: TC-04 | M10: R1.0 | N10: =IF(ISNUMBER(MATCH(LEFT(F10,11),'System Requirements'!$A$5:$A$10,0)),"OK","MISSING")
A11: SW-REQ-007 | B11: Timer creation | C11: A one-shot software timer tApp of 5 s shall be created with the callback AppTimerCallback. | D11: Functional | E11: SWC-TMR | F11: SYS-REQ-002, SYS-REQ-006 | G11: Time measured by the RTOS, not by a delay. | H11: High | I11: Accepted | J11: Test | K11: Timer runs once per start. | L11: TC-03 | M11: R1.0 | N11: =IF(ISNUMBER(MATCH(LEFT(F11,11),'System Requirements'!$A$5:$A$10,0)),"OK","MISSING")
A12: SW-REQ-008 | B12: Wait for both buttons | C12: The AppTask shall block on EgButtons until EV_BUTTON_1 AND EV_BUTTON_2 are set (xWaitForAllBits = pdTRUE), clear both on exit, without timeout. | D12: Functional | E12: SWC-APP | F12: SYS-REQ-002 | G12: AND synchronisation, order independent. | H12: High | I12: Accepted | J12: Test | K12: Timer starts only after both buttons, in any order. | L12: TC-02, TC-04 | M12: R1.0 | N12: =IF(ISNUMBER(MATCH(LEFT(F12,11),'System Requirements'!$A$5:$A$10,0)),"OK","MISSING")
A13: SW-REQ-009 | B13: Start the timer | C13: When both bits are received, the AppTask shall switch off PD12 and PD13, switch on PD15, start tApp and send EVT_TIMER_STARTED (0x50, DATA = 5). | D13: Functional | E13: SWC-APP | F13: SYS-REQ-002, SYS-REQ-003, SYS-REQ-004 | G13: Visible start of the timer. | H13: High | I13: Accepted | J13: Test | K13: AA 50 05 received, blue LED on. | L13: TC-02, TC-03 | M13: R1.0 | N13: =IF(ISNUMBER(MATCH(LEFT(F13,11),'System Requirements'!$A$5:$A$10,0)),"OK","MISSING")
A14: SW-REQ-010 | B14: Timer callback | C14: AppTimerCallback shall only set EV_TIMEOUT and shall never block. | D14: Functional | E14: SWC-TMR | F14: SYS-REQ-006 | G14: Callbacks run in the timer service task. | H14: High | I14: Accepted | J14: Review | K14: One call: xEventGroupSetBits. | L14: TC-03, TC-07 | M14: R1.0 | N14: =IF(ISNUMBER(MATCH(LEFT(F14,11),'System Requirements'!$A$5:$A$10,0)),"OK","MISSING")
A15: SW-REQ-011 | B15: Timer expiry | C15: The AppTask shall wait for EV_TIMEOUT (cleared on exit), then switch off PD15 and send EVT_TIMER_EXPIRED (0x51, DATA = 0). | D15: Functional | E15: SWC-APP | F15: SYS-REQ-003, SYS-REQ-004 | G15: Visible end of the timer. | H15: High | I15: Accepted | J15: Test | K15: AA 51 00 received 5 s after AA 50 05. | L15: TC-03 | M15: R1.0 | N15: =IF(ISNUMBER(MATCH(LEFT(F15,11),'System Requirements'!$A$5:$A$10,0)),"OK","MISSING")
A16: SW-REQ-012 | B16: Buttons during the timer | C16: Buttons received while the timer runs shall set their bits; if both are set when the timer expires, the next timer shall start immediately. | D16: Functional | E16: SWC-EG, SWC-APP | F16: SYS-REQ-002 | G16: Documented behaviour of latched bits. | H16: Low | I16: Accepted | J16: Test | K16: B1 + B2 during the timer -> new start right after expiry. | L16: TC-05 | M16: R1.0 | N16: =IF(ISNUMBER(MATCH(LEFT(F16,11),'System Requirements'!$A$5:$A$10,0)),"OK","MISSING")
... A23: SW-REQ-019 | B23: Build selection | C23: The solution (APK7) and the student template (APK7_STUDENT) shall be selected in main.h; only one may be defined. | D23: Constraint | E23: SWC-CFG | F23: SYS-REQ-006 | G23: Both files in one project. | H23: Low | I23: Accepted | J23: Inspection | K23: #ifdef guards. | L23: TC-07 | M23: R1.0 | N23: =IF(ISNUMBER(MATCH(LEFT(F23,11),'System Requirements'!$A$5:$A$10,0)),"OK","MISSING")

Sheet Events & Timers
A1: Frames, event bits and timer
A2: APK7-SRS-001 | Version 1.0 | Design reference for LinkLayer and AppTask
A4: Frames
A5: CMD | B5: Name | C5: Direction | D5: DATA | E5: Answer / meaning | F5: Requirement
A6: 0x01 | B6: PING | C6: PC -> STM32 | D6: any | E6: AA 81 <data> | F6: SW-REQ-001
A7: 0x40 | B7: BUTTON_1 | C7: PC -> STM32 | D7: 0 | E7: AA C0 00, sets EV_BUTTON_1 | F7: SW-REQ-002, 005
A8: 0x41 | B8: BUTTON_2 | C8: PC -> STM32 | D8: 0 | E8: AA C1 00, sets EV_BUTTON_2 | F8: SW-REQ-002, 005
A9: 0x50 | B9: EVT_TIMER_STARTED | C9: STM32 -> PC | D9: 5 (seconds) | E9: both buttons received, timer started | F9: SW-REQ-009
A10: 0x51 | B10: EVT_TIMER_EXPIRED | C10: STM32 -> PC | D10: 0 | E10: timer expired | F10: SW-REQ-011
A13: Event bits (EgButtons)
A14: Bit | B14: Name | C14: Set by | D14: Waited by | E14: Cleared by | F14: Requirement
A15: 0 | B15: EV_BUTTON_1 | C15: LinkLayer task (BUTTON_1 frame) | D15: AppTask (AND with bit 1) | E15: AppTask wait exit | F15: SW-REQ-005, 008
A16: 1 | B16: EV_BUTTON_2 | C16: LinkLayer task (BUTTON_2 frame) | D16: AppTask (AND with bit 0) | E16: AppTask wait exit | F16: SW-REQ-005, 008
A17: 2 | B17: EV_TIMEOUT | C17: AppTimerCallback | D17: AppTask | E17: AppTask wait exit | F17: SW-REQ-010, 011
A20: Software timer
A21: Timer | B21: Type | C21: Period | D21: Started by | E21: Callback | F21: Requirement
A22: tApp | B22: One-shot | C22: 5 s | D22: AppTask after both buttons | E22: set EV_TIMEOUT | F22: SW-REQ-007, 009, 010

Sheet SW Components
A1: Software Components (SWE.2)
A2: APK7-SRS-001 | Version 1.0 | Elements of the software architecture
A4: Component ID | B4: Name | C4: Implementation | D4: File | E4: Execution context | F4: Responsibility | G4: # SW req allocated
A5: SWC-ISR | B5: UART RX callback | C5: HAL_UART_RxCpltCallback, HAL_UART_ErrorCallback | D5: Core/Src/apk7.c | E5: Interrupt | F5: APK5 frame state machine. | G5: =COUNTIF('SW Requirements'!$E$5:$E$200,"*"&A5&"*")
A6: SWC-QUEUE | B6: QueueFrame | C6: FreeRTOS queue, 8 x Frame_t | D6: Core/Src/apk7.c | E6: Kernel object | F6: Frames from ISR to LinkLayer. | G6: =COUNTIF('SW Requirements'!$E$5:$E$200,"*"&A6&"*")
A7: SWC-LL | B7: LinkLayer task | C7: LinkLayer(), prio 3 | D7: Core/Src/apk7.c | E7: Task | F7: Decodes frames, sets the button bits, answers. | G7: =COUNTIF('SW Requirements'!$E$5:$E$200,"*"&A7&"*")
A8: SWC-EG | B8: EgButtons | C8: EventGroupHandle_t, 3 bits | D8: Core/Src/apk7.c | E8: Kernel object | F8: EV_BUTTON_1, EV_BUTTON_2, EV_TIMEOUT. | G8: =COUNTIF('SW Requirements'!$E$5:$E$200,"*"&A8&"*")
A9: SWC-APP | B9: AppTask | C9: AppTask(), prio 2 | D9: Core/Src/apk7.c | E9: Task | F9: Waits for both buttons, starts the timer, waits for the timeout. | G9: =COUNTIF('SW Requirements'!$E$5:$E$200,"*"&A9&"*")
A10: SWC-TMR | B10: Software timer | C10: tApp (one-shot 5 s), AppTimerCallback | D10: Core/Src/apk7.c | E10: Timer service task (prio 2) | F10: Sets EV_TIMEOUT. | G10: =COUNTIF('SW Requirements'!$E$5:$E$200,"*"&A10&"*")
A11: SWC-TX | B11: Frame transmitter | C11: SendFrame() | D11: Core/Src/apk7.c | E11: Task context | F11: 3-byte frames under xUartMutex. | G11: =COUNTIF('SW Requirements'!$E$5:$E$200,"*"&A11&"*")
A12: SWC-CFG | B12: Configuration | C12: main.h, FreeRTOSConfig.h, log.c | D12: Core/ | E12: Static | F12: Lab selection, timer task, printf mutex. | G12: =COUNTIF('SW Requirements'!$E$5:$E$200,"*"&A12&"*")
A13: SWC-GUI | B13: Host GUI | C13: MainWindow, SerialReader | D13: tools/apk7_gui.py | E13: PyQt5 | F13: Buttons, lamps, countdown, log. | G13: =COUNTIF('SW Requirements'!$E$5:$E$200,"*"&A13&"*")
A14: SWC-SIM | B14: Board simulator | C14: SimBoard | D14: tools/apk7_gui.py | E14: Python threads | F14: Software twin of apk7.c. | G14: =COUNTIF('SW Requirements'!$E$5:$E$200,"*"&A14&"*")

Sheet Test Specification
A1: Software Qualification Test Specification (SWE.6)
A2: APK7-SRS-001 | Version 1.0 | Fill in Result, Date and Tester after each run
A4: Test ID | B4: Title | C4: Method | D4: Precondition | E4: Steps | F4: Expected result | G4: Verifies | H4: Result | I4: Date | J4: Tester | K4: Remark
A5: TC-01 | B5: Link check | C5: Test | D5: Board running APK7, GUI connected | E5: Click PING. | F5: AA 81 55. | G5: SW-REQ-001 | H5: Not run
A6: TC-02 | B6: Button 1 then Button 2 | C6: Test | D6: Idle | E6: Click BUTTON 1, then BUTTON 2. | F6: AA C0 00 + green LED; AA C1 00 + orange LED; AA 50 05; green/orange off, blue on; GUI lamps and countdown. | G6: SW-REQ-002, SW-REQ-005, SW-REQ-008, SW-REQ-009, SW-REQ-016, SW-REQ-017 | H6: Not run
A7: TC-03 | B7: Timer duration | C7: Test | D7: Run TC-02 | E7: Wait for the end of the timer; compare log time stamps. | F7: AA 51 00 5 s (+/- 50 ms) after AA 50 05; blue LED off; GUI 'Timer expired'. | G7: SW-REQ-007, SW-REQ-009, SW-REQ-010, SW-REQ-011, SW-REQ-013, SW-REQ-017 | H7: Not run
A8: TC-04 | B8: Order and repetition | C8: Test | D8: Idle | E8: Click BUTTON 2, BUTTON 2, wait 3 s, BUTTON 1. Then click only BUTTON 1 and wait 10 s. | F8: One AA 50 05 after BUTTON 1; then nothing (only one button). | G8: SW-REQ-006, SW-REQ-008 | H8: Not run
A9: TC-05 | B9: Buttons while the timer runs | C9: Test | D9: Timer running | E9: Click BUTTON 1 and BUTTON 2 during the timer. | F9: After AA 51 00, a new AA 50 05 arrives immediately. | G9: SW-REQ-012 | H9: Not run
A10: TC-06 | B10: Unknown command and shared UART | C10: Test | D10: Connected | E10: Send AA 42 00 (custom tool) and run TC-02 while the board logs. | F10: AA C2 E1; no corrupted frame. | G10: SW-REQ-002, SW-REQ-015 | H10: Not run
A11: TC-07 | B11: Code review | C11: Review | D11: apk7.c / apk7_student.c | E11: Check event group, bits, timer type, callback, wait parameters, priorities, macros. | F11: All checklist items OK. | G11: SW-REQ-003, SW-REQ-004, SW-REQ-010, SW-REQ-014, SW-REQ-019 | H11: Not run
A12: TC-08 | B12: Simulator | C12: Test | D12: GUI, port 'Simulator (no board)' | E12: Repeat TC-02 to TC-05. | F12: Same results as the board. | G12: SW-REQ-018 | H12: Not run

Sheet Traceability
A1: Traceability Matrix SW Requirement x Test Case
A2: APK7-SRS-001 | Version 1.0 | X = test case verifies the requirement (bidirectional, ASPICE SWE.6 BP5)
A4: SW req | B4: Title | C4: TC-01 | D4: TC-02 | E4: TC-03 | F4: TC-04 | G4: TC-05 | H4: TC-06 | I4: TC-07 | J4: TC-08 | K4: # tests | L4: Coverage
A5: SW-REQ-001 | B5: Link layer | C5: X | K5: =COUNTIF(C5:J5,"X") | L5: =IF(K5>0,"Covered","NOT COVERED")
A6: SW-REQ-002 | B6: Button commands | D6: X | H6: X | K6: =COUNTIF(C6:J6,"X") | L6: =IF(K6>0,"Covered","NOT COVERED")
A7: SW-REQ-003 | B7: Event group | I7: X | K7: =COUNTIF(C7:J7,"X") | L7: =IF(K7>0,"Covered","NOT COVERED")
A8: SW-REQ-004 | B8: Event bits | I8: X | K8: =COUNTIF(C8:J8,"X") | L8: =IF(K8>0,"Covered","NOT COVERED")
A9: SW-REQ-005 | B9: Set button bits | D9: X | K9: =COUNTIF(C9:J9,"X") | L9: =IF(K9>0,"Covered","NOT COVERED")
A10: SW-REQ-006 | B10: Repeated button | F10: X | K10: =COUNTIF(C10:J10,"X") | L10: =IF(K10>0,"Covered","NOT COVERED")
A11: SW-REQ-007 | B11: Timer creation | E11: X | K11: =COUNTIF(C11:J11,"X") | L11: =IF(K11>0,"Covered","NOT COVERED")
A12: SW-REQ-008 | B12: Wait for both buttons | D12: X | F12: X | K12: =COUNTIF(C12:J12,"X") | L12: =IF(K12>0,"Covered","NOT COVERED")
A13: SW-REQ-009 | B13: Start the timer | D13: X | E13: X | K13: =COUNTIF(C13:J13,"X") | L13: =IF(K13>0,"Covered","NOT COVERED")
A14: SW-REQ-010 | B14: Timer callback | E14: X | I14: X | K14: =COUNTIF(C14:J14,"X") | L14: =IF(K14>0,"Covered","NOT COVERED")
A15: SW-REQ-011 | B15: Timer expiry | E15: X | K15: =COUNTIF(C15:J15,"X") | L15: =IF(K15>0,"Covered","NOT COVERED")
A16: SW-REQ-012 | B16: Buttons during the timer | G16: X | K16: =COUNTIF(C16:J16,"X") | L16: =IF(K16>0,"Covered","NOT COVERED")
A17: SW-REQ-013 | B17: Timer accuracy | E17: X | K17: =COUNTIF(C17:J17,"X") | L17: =IF(K17>0,"Covered","NOT COVERED")
A18: SW-REQ-014 | B18: Priorities | I18: X | K18: =COUNTIF(C18:J18,"X") | L18: =IF(K18>0,"Covered","NOT COVERED")
A19: SW-REQ-015 | B19: Shared UART | H19: X | K19: =COUNTIF(C19:J19,"X") | L19: =IF(K19>0,"Covered","NOT COVERED")
A20: SW-REQ-016 | B20: GUI buttons | D20: X | K20: =COUNTIF(C20:J20,"X") | L20: =IF(K20>0,"Covered","NOT COVERED")
A21: SW-REQ-017 | B21: GUI display | D21: X | E21: X | K21: =COUNTIF(C21:J21,"X") | L21: =IF(K21>0,"Covered","NOT COVERED")
A22: SW-REQ-018 | B22: Simulator | J22: X | K22: =COUNTIF(C22:J22,"X") | L22: =IF(K22>0,"Covered","NOT COVERED")
A23: SW-REQ-019 | B23: Build selection | I23: X | K23: =COUNTIF(C23:J23,"X") | L23: =IF(K23>0,"Covered","NOT COVERED")
A24: # reqs | C24: =COUNTIF(C5:C23,"X") | D24: =COUNTIF(D5:D23,"X") | E24: =COUNTIF(E5:E23,"X") | F24: =COUNTIF(F5:F23,"X") | G24: =COUNTIF(G5:G23,"X") | H24: =COUNTIF(H5:H23,"X") | I24: =COUNTIF(I5:I23,"X") | J24: =COUNTIF(J5:J23,"X")

Sheet Dashboard
A1: Dashboard
A2: APK7-SRS-001 | Version 1.0 | All values are formulas - they update when the sheets change
A4: Total SW requirements | B4: =COUNTA('SW Requirements'!$A$5:$A$23)
A5: Total system requirements | B5: =COUNTA('System Requirements'!$A$5:$A$10)
A6: Total test cases | B6: =COUNTA('Test Specification'!$A$5:$A$12)
A7: SW reqs covered by a test | B7: =COUNTIF(Traceability!$L$5:$L$23,"Covered") | C7: =IF(B4=0,0,B7/B4)
A8: SYS reqs without SW req | B8: =COUNTIF('System Requirements'!$I$5:$I$10,0)
A9: SW reqs with invalid parent | B9: =COUNTIF('SW Requirements'!$N$5:$N$23,"MISSING")
A11: SW requirements by status
A12: Status | B12: Count | C12: Share
A13: Draft | B13: =COUNTIF('SW Requirements'!$I$5:$I$23,A13) | C13: =IF($B$4=0,0,B13/$B$4)
A14: In review | B14: =COUNTIF('SW Requirements'!$I$5:$I$23,A14) | C14: =IF($B$4=0,0,B14/$B$4)
A15: Accepted | B15: =COUNTIF('SW Requirements'!$I$5:$I$23,A15) | C15: =IF($B$4=0,0,B15/$B$4)
A16: Rejected | B16: =COUNTIF('SW Requirements'!$I$5:$I$23,A16) | C16: =IF($B$4=0,0,B16/$B$4)
A17: Deferred | B17: =COUNTIF('SW Requirements'!$I$5:$I$23,A17) | C17: =IF($B$4=0,0,B17/$B$4)
A20: SW requirements by type
A21: Type | B21: Count | C21: Share
A22: Functional | B22: =COUNTIF('SW Requirements'!$D$5:$D$23,A22) | C22: =IF($B$4=0,0,B22/$B$4)
A23: Non-functional | B23: =COUNTIF('SW Requirements'!$D$5:$D$23,A23) | C23: =IF($B$4=0,0,B23/$B$4)
A24: Interface | B24: =COUNTIF('SW Requirements'!$D$5:$D$23,A24) | C24: =IF($B$4=0,0,B24/$B$4)
A25: Performance | B25: =COUNTIF('SW Requirements'!$D$5:$D$23,A25) | C25: =IF($B$4=0,0,B25/$B$4)
A26: Constraint | B26: =COUNTIF('SW Requirements'!$D$5:$D$23,A26) | C26: =IF($B$4=0,0,B26/$B$4)
A29: SW requirements by verification method
A30: Method | B30: Count | C30: Share
A31: Test | B31: =COUNTIF('SW Requirements'!$J$5:$J$23,A31) | C31: =IF($B$4=0,0,B31/$B$4)
A32: Analysis | B32: =COUNTIF('SW Requirements'!$J$5:$J$23,A32) | C32: =IF($B$4=0,0,B32/$B$4)
A33: Review | B33: =COUNTIF('SW Requirements'!$J$5:$J$23,A33) | C33: =IF($B$4=0,0,B33/$B$4)
A34: Inspection | B34: =COUNTIF('SW Requirements'!$J$5:$J$23,A34) | C34: =IF($B$4=0,0,B34/$B$4)
A35: Demonstration | B35: =COUNTIF('SW Requirements'!$J$5:$J$23,A35) | C35: =IF($B$4=0,0,B35/$B$4)
A38: Test results
A39: Result | B39: Count | C39: Share
A40: Not run | B40: =COUNTIF('Test Specification'!$H$5:$H$12,A40) | C40: =IF($B$6=0,0,B40/$B$6)
A41: Passed | B41: =COUNTIF('Test Specification'!$H$5:$H$12,A41) | C41: =IF($B$6=0,0,B41/$B$6)
A42: Failed | B42: =COUNTIF('Test Specification'!$H$5:$H$12,A42) | C42: =IF($B$6=0,0,B42/$B$6)
A43: Blocked | B43: =COUNTIF('Test Specification'!$H$5:$H$12,A43) | C43: =IF($B$6=0,0,B43/$B$6)
