Workbook

Sheet Cover
A1: APK5 - UART Protocol STM32 / Python
A2: Software Requirements Specification (ASPICE SYS.2 / SWE.1 / SWE.6 traceability)
A4: Document ID | B4: APK5-SRS-001
A5: Version | B5: 1.0
A6: Date | B6: 2026-10-10
A7: Author | B7: M. Hanzouti
A8: Project | B8: f4_disco_rtos - RTOS training
A9: Target | B9: STM32F407G-DISC1, FreeRTOS
A10: Host | B10: Python 3.12, PyQt5, pyserial
A11: Document status | B11: Draft
A14: Revision history
A15: Version | B15: Date | C15: Author | D15: Change
A16: 1.0 | B16: 2026-10-10 | C16: M. Hanzouti | D16: Initial version
A20: Sheets
A21: System Requirements | B21: SYS.2 - system requirements derived from the training goals.
A22: SW Requirements | B22: SWE.1 - software requirements, attributes, parent link, allocation, verification.
A23: Interface Spec | B23: Frame format, command and status codes of the UART protocol.
A24: SW Components | B24: SWE.2 - software architecture elements requirements are allocated to.
A25: Test Specification | B25: SWE.6 - test cases with expected results; Result column to fill in.
A26: Traceability | B26: SW requirement x test case matrix with coverage check.
A27: Dashboard | B27: Live counts: status, type, verification coverage, test results.
A29: Legend
A30: Yellow cells | B30: Editable attributes with a drop-down list (Status, Priority, Method, Result).
A31: 'shall' | B31: Mandatory requirement wording; one 'shall' per requirement.
A32: Status | B32: Draft > In review > Accepted (or Rejected / Deferred).
A33: Verification method | B33: Test, Analysis, Review, Inspection, Demonstration.

Sheet System Requirements
A1: System Requirements (SYS.2)
A2: APK5-SRS-001 | Version 1.0 | Stakeholder: RTOS training
A4: ID | B4: Title | C4: Requirement | D4: Type | E4: Rationale | F4: Priority | G4: Status | H4: Verification method | I4: # SW req linked
A5: SYS-REQ-001 | B5: LED control | C5: The system shall allow a PC user to switch on, switch off and toggle each of the four user LEDs (PD12 to PD15) of the STM32F407 Discovery board over a serial link. | D5: Functional | E5: Training goal: observable actuator command. | F5: High | G5: Accepted | H5: Test | I5: =COUNTIF('SW Requirements'!$F$5:$F$200,"*"&A5&"*")
A6: SYS-REQ-002 | B6: Button read-back | C6: The system shall allow a PC user to read the state (pressed / released) of the user button B1 (PA0). | D6: Functional | E6: Training goal: sensor read request. | F6: High | G6: Accepted | H6: Test | I6: =COUNTIF('SW Requirements'!$F$5:$F$200,"*"&A6&"*")
A7: SYS-REQ-003 | B7: Link test | C7: The system shall provide an echo function to verify that the communication link is operational. | D7: Functional | E7: Basic link diagnostics. | F7: High | G7: Accepted | H7: Test | I7: =COUNTIF('SW Requirements'!$F$5:$F$200,"*"&A7&"*")
A8: SYS-REQ-004 | B8: Communication interface | C8: The PC and the board shall exchange 3-byte frames SOF (0xAA) - CMD - DATA over UART at 115200 baud, 8 data bits, no parity, 1 stop bit. | D8: Interface | E8: Simple fixed-length protocol for training. | F8: High | G8: Accepted | H8: Test | I8: =COUNTIF('SW Requirements'!$F$5:$F$200,"*"&A8&"*")
A9: SYS-REQ-005 | B9: Request / response | C9: The board shall answer every complete request frame with exactly one response frame and shall report invalid commands and invalid parameters. | D9: Functional | E9: Host always knows the outcome of a request. | F9: High | G9: Accepted | H9: Test | I9: =COUNTIF('SW Requirements'!$F$5:$F$200,"*"&A9&"*")
A10: SYS-REQ-006 | B10: Link robustness | C10: The link shall recover without reset from line noise, lost bytes, partial frames and foreign bytes on the line. | D10: Non-functional | E10: UART is shared with the debug log; cables may be unplugged. | F10: High | G10: Accepted | H10: Test | I10: =COUNTIF('SW Requirements'!$F$5:$F$200,"*"&A10&"*")
A11: SYS-REQ-007 | B11: Host user interface | C11: The PC application shall provide a graphical user interface with one control per command and a time-stamped log of all exchanged frames. | D11: Functional | E11: Usability for trainees. | F11: High | G11: Accepted | H11: Test | I11: =COUNTIF('SW Requirements'!$F$5:$F$200,"*"&A11&"*")
A12: SYS-REQ-008 | B12: Response time | C12: The board shall send the response within 20 ms after the last byte of the request. | D12: Performance | E12: Interactive use from the GUI. | F12: High | G12: Accepted | H12: Test | I12: =COUNTIF('SW Requirements'!$F$5:$F$200,"*"&A12&"*")
A13: SYS-REQ-009 | B13: Debug trace | C13: The board shall output a readable trace of each received frame on the serial line. | D13: Functional | E13: Debugging during training. | F13: High | G13: Accepted | H13: Test | I13: =COUNTIF('SW Requirements'!$F$5:$F$200,"*"&A13&"*")

Sheet SW Requirements
A1: Software Requirements (SWE.1)
A2: APK5-SRS-001 | Version 1.0 | Parent: System Requirements | Allocation: SW Components
A4: ID | B4: Title | C4: Requirement | D4: Type | E4: SW component (SWE.2) | F4: Parent SYS req | G4: Rationale | H4: Priority | I4: Status | J4: Verification method | K4: Acceptance criteria | L4: Test case(s) (SWE.6) | M4: Release | N4: Parent valid | O4: Comment
A5: SW-REQ-001 | B5: Interrupt-driven reception | C5: The firmware shall receive UART bytes by interrupt, one byte per interrupt, without polling. | D5: Functional | E5: SWC-ISR | F5: SYS-REQ-004 | G5: Frees the CPU for tasks; no byte lost while tasks run. | H5: High | I5: Accepted | J5: Test | K5: Frame received and answered while other tasks run. | L5: TC-01 | M5: R1.0 | N5: =IF(ISNUMBER(MATCH(LEFT(F5,11),'System Requirements'!$A$5:$A$13,0)),"OK","MISSING")
A6: SW-REQ-002 | B6: RX state machine | C6: The UART RX callback shall implement a state machine with the states WAIT_SOF, WAIT_CMD and WAIT_DATA. | D6: Functional | E6: SWC-ISR | F6: SYS-REQ-004 | G6: Byte-level framing of the 3-byte protocol. | H6: High | I6: Accepted | J6: Test | K6: Valid frame decoded; leading garbage ignored. | L6: TC-01, TC-07 | M6: R1.0 | N6: =IF(ISNUMBER(MATCH(LEFT(F6,11),'System Requirements'!$A$5:$A$13,0)),"OK","MISSING")
A7: SW-REQ-003 | B7: SOF synchronisation | C7: In state WAIT_SOF, every byte different from 0xAA shall be discarded. | D7: Functional | E7: SWC-ISR | F7: SYS-REQ-006 | G7: Resynchronisation on foreign bytes. | H7: High | I7: Accepted | J7: Test | K7: Bytes before SOF produce no response. | L7: TC-07 | M7: R1.0 | N7: =IF(ISNUMBER(MATCH(LEFT(F7,11),'System Requirements'!$A$5:$A$13,0)),"OK","MISSING")
A8: SW-REQ-004 | B8: Frame hand-over | C8: On reception of the DATA byte, the callback shall post the frame {CMD, DATA} to QueueFrame with xQueueSendFromISR and return to WAIT_SOF. | D8: Functional | E8: SWC-ISR, SWC-QUEUE | F8: SYS-REQ-004 | G8: Decouples ISR from processing. | H8: High | I8: Accepted | J8: Test | K8: Each complete frame is processed by the LinkLayer task. | L8: TC-01 | M8: R1.0 | N8: =IF(ISNUMBER(MATCH(LEFT(F8,11),'System Requirements'!$A$5:$A$13,0)),"OK","MISSING")
A9: SW-REQ-005 | B9: Inter-byte timeout | C9: If more than 50 ms elapse between two bytes of the same frame, the partial frame shall be discarded and the state machine reset to WAIT_SOF. | D9: Functional | E9: SWC-ISR | F9: SYS-REQ-006 | G9: Avoids frame shift after a lost byte. | H9: High | I9: Accepted | J9: Test | K9: Partial frame followed by a valid frame: only the valid frame is answered. | L9: TC-08 | M9: R1.0 | N9: =IF(ISNUMBER(MATCH(LEFT(F9,11),'System Requirements'!$A$5:$A$13,0)),"OK","MISSING")
A10: SW-REQ-006 | B10: UART error recovery | C10: On a UART error (overrun, noise, framing), the firmware shall reset the state machine to WAIT_SOF and re-arm reception. | D10: Functional | E10: SWC-ISR | F10: SYS-REQ-006 | G10: Reception must never stop. | H10: High | I10: Accepted | J10: Test | K10: Link answers PING after disconnect / reconnect. | L10: TC-10 | M10: R1.0 | N10: =IF(ISNUMBER(MATCH(LEFT(F10,11),'System Requirements'!$A$5:$A$13,0)),"OK","MISSING")
A11: SW-REQ-007 | B11: LinkLayer task | C11: A LinkLayer task shall block on QueueFrame without timeout and process the frames in arrival order. | D11: Functional | E11: SWC-LL | F11: SYS-REQ-005 | G11: Event-driven processing, no CPU while idle. | H11: High | I11: Accepted | J11: Test | K11: Burst of 20 frames answered in order. | L11: TC-01, TC-09 | M11: R1.0 | N11: =IF(ISNUMBER(MATCH(LEFT(F11,11),'System Requirements'!$A$5:$A$13,0)),"OK","MISSING")
A12: SW-REQ-008 | B12: PING command | C12: On CMD 0x01 the firmware shall answer with DATA equal to the request DATA. | D12: Functional | E12: SWC-DEC | F12: SYS-REQ-003 | G12: Link test. | H12: High | I12: Accepted | J12: Test | K12: AA 01 55 -> AA 81 55 | L12: TC-01 | M12: R1.0 | N12: =IF(ISNUMBER(MATCH(LEFT(F12,11),'System Requirements'!$A$5:$A$13,0)),"OK","MISSING")
A13: SW-REQ-009 | B13: LED_SET command | C13: On CMD 0x02 the firmware shall set LED PD12+i on when bit i (0..3) of DATA is 1 and off when it is 0, and answer 0x00 (OK). | D13: Functional | E13: SWC-DEC | F13: SYS-REQ-001 | G13: Set all LEDs in one frame. | H13: High | I13: Accepted | J13: Test | K13: AA 02 05 -> AA 82 00, PD12 and PD14 on. | L13: TC-02 | M13: R1.0 | N13: =IF(ISNUMBER(MATCH(LEFT(F13,11),'System Requirements'!$A$5:$A$13,0)),"OK","MISSING")
A14: SW-REQ-010 | B14: LED_TOGGLE command | C14: On CMD 0x03 with DATA 0..3 the firmware shall toggle LED PD12+DATA and answer 0x00 (OK). | D14: Functional | E14: SWC-DEC | F14: SYS-REQ-001 | G14: Single LED control. | H14: High | I14: Accepted | J14: Test | K14: AA 03 03 -> AA 83 00, PD15 toggles. | L14: TC-03 | M14: R1.0 | N14: =IF(ISNUMBER(MATCH(LEFT(F14,11),'System Requirements'!$A$5:$A$13,0)),"OK","MISSING")
A15: SW-REQ-011 | B15: GET_BUTTON command | C15: On CMD 0x04 the firmware shall answer DATA = 1 when the user button is pressed and 0 when released. | D15: Functional | E15: SWC-DEC | F15: SYS-REQ-002 | G15: Input read-back. | H15: Medium | I15: Accepted | J15: Test | K15: Button held: AA 84 01; released: AA 84 00. | L15: TC-06 | M15: R1.0 | N15: =IF(ISNUMBER(MATCH(LEFT(F15,11),'System Requirements'!$A$5:$A$13,0)),"OK","MISSING")
A16: SW-REQ-012 | B16: Unknown command | C16: On any CMD not defined in the interface specification the firmware shall answer 0xE1 (BAD_CMD) and perform no action. | D16: Functional | E16: SWC-DEC | F16: SYS-REQ-005 | G16: Host is informed of protocol errors. | H16: High | I16: Accepted | J16: Test | K16: AA 42 00 -> AA C2 E1 | L16: TC-05 | M16: R1.0 | N16: =IF(ISNUMBER(MATCH(LEFT(F16,11),'System Requirements'!$A$5:$A$13,0)),"OK","MISSING")
... A35: SW-REQ-031 | B35: Responsive GUI | C35: Serial reception shall run in a separate thread so that the GUI never freezes. | D35: Non-functional | E35: SWC-RDR | F35: SYS-REQ-007 | G35: Usability. | H35: Medium | I35: Accepted | J35: Test | K35: Window stays responsive during traffic. | L35: TC-12 | M35: R1.0 | N35: =IF(ISNUMBER(MATCH(LEFT(F35,11),'System Requirements'!$A$5:$A$13,0)),"OK","MISSING")

Sheet Interface Spec
A1: Interface Specification - UART frame
A2: APK5-SRS-001 | Version 1.0 | USART2, 115200 baud, 8N1, no flow control
A4: Byte | B4: Field | C4: Request (Host -> STM32) | D4: Response (STM32 -> Host) | E4: Requirement
A5: 0 | B5: SOF | C5: 0xAA | D5: 0xAA | E5: SW-REQ-002, SW-REQ-015
A6: 1 | B6: CMD | C6: Command code 0x00..0x7F | D6: Request CMD OR 0x80 | E6: SW-REQ-015
A7: 2 | B7: DATA | C7: Command parameter | D7: Status code or requested value | E7: SW-REQ-015
A9: Commands
A10: CMD | B10: Name | C10: Request DATA | D10: Response DATA | E10: Requirement
A11: 0x01 | B11: PING | C11: Any value | D11: Same value (echo) | E11: SW-REQ-008
A12: 0x02 | B12: LED_SET | C12: Bit 0..3 = LED PD12..PD15 | D12: 0x00 OK | E12: SW-REQ-009
A13: 0x03 | B13: LED_TOGGLE | C13: LED index 0..3 | D13: 0x00 OK / 0xE2 BAD_DATA | E13: SW-REQ-010, SW-REQ-013
A14: 0x04 | B14: GET_BUTTON | C14: Ignored | D14: 1 pressed / 0 released | E14: SW-REQ-011
A15: other | B15: - | C15: Any | D15: 0xE1 BAD_CMD | E15: SW-REQ-012
A17: Status codes
A18: Code | B18: Name | C18: Meaning
A19: 0x00 | B19: OK | C19: Command executed
A20: 0xE1 | B20: BAD_CMD | C20: Unknown command, nothing executed
A21: 0xE2 | B21: BAD_DATA | C21: Parameter out of range, nothing executed

Sheet SW Components
A1: Software Components (SWE.2)
A2: APK5-SRS-001 | Version 1.0 | Elements of the software architecture
A4: Component ID | B4: Name | C4: Implementation | D4: File | E4: Execution context | F4: Responsibility | G4: # SW req allocated
A5: SWC-ISR | B5: UART RX callback | C5: HAL_UART_RxCpltCallback, HAL_UART_ErrorCallback | D5: Core/Src/apk5.c | E5: Interrupt | F5: Byte reception, framing state machine, timeout, error recovery. | G5: =COUNTIF('SW Requirements'!$E$5:$E$200,"*"&A5&"*")
A6: SWC-QUEUE | B6: QueueFrame | C6: FreeRTOS queue, 8 x Frame_t | D6: Core/Src/apk5.c | E6: Kernel object | F6: Transfers complete frames from ISR to task. | G6: =COUNTIF('SW Requirements'!$E$5:$E$200,"*"&A6&"*")
A7: SWC-LL | B7: LinkLayer task | C7: LinkLayer() | D7: Core/Src/apk5.c | E7: Task, prio 3 | F7: Waits on QueueFrame, traces, dispatches, answers. | G7: =COUNTIF('SW Requirements'!$E$5:$E$200,"*"&A7&"*")
A8: SWC-DEC | B8: Command decoder | C8: DecodeFrame() | D8: Core/Src/apk5.c | E8: Task context | F8: Executes PING, LED_SET, LED_TOGGLE, GET_BUTTON; returns status. | G8: =COUNTIF('SW Requirements'!$E$5:$E$200,"*"&A8&"*")
A9: SWC-TX | B9: Frame transmitter | C9: SendFrame() | D9: Core/Src/apk5.c | E9: Task context | F9: Builds and sends the 3-byte response under xUartMutex. | G9: =COUNTIF('SW Requirements'!$E$5:$E$200,"*"&A9&"*")
A10: SWC-CFG | B10: Configuration | C10: main.h, stm32f4xx_hal_msp.c, log.c | D10: Core/ | E10: Static | F10: Lab selection, UART init and priority, printf retarget with mutex. | G10: =COUNTIF('SW Requirements'!$E$5:$E$200,"*"&A10&"*")
A11: SWC-GUI | B11: Host GUI | C11: MainWindow | D11: tools/apk5_gui.py | E11: PyQt5 main thread | F11: Controls, connection, log display. | G11: =COUNTIF('SW Requirements'!$E$5:$E$200,"*"&A11&"*")
A12: SWC-RDR | B12: Host serial reader | C12: SerialReader (QThread) | D12: tools/apk5_gui.py | E12: Worker thread | F12: Host-side framing state machine, log text extraction. | G12: =COUNTIF('SW Requirements'!$E$5:$E$200,"*"&A12&"*")
A13: SWC-PORT | B13: Serial port | C13: pyserial Serial | D13: tools/apk5_gui.py | E13: Library | F13: COM port access, 115200 8N1. | G13: =COUNTIF('SW Requirements'!$E$5:$E$200,"*"&A13&"*")

Sheet Test Specification
A1: Software Qualification Test Specification (SWE.6)
A2: APK5-SRS-001 | Version 1.0 | Fill in Result, Date and Tester after each run
A4: Test ID | B4: Title | C4: Method | D4: Precondition | E4: Steps | F4: Expected result | G4: Verifies | H4: Result | I4: Date | J4: Tester | K4: Remark
A5: TC-01 | B5: PING round trip | C5: Test | D5: Board running APK5, GUI connected | E5: Send PING with data 0x55. | F5: Response AA 81 55; log line 'RX frame CMD=0x01 DATA=0x55'. | G5: SW-REQ-001, SW-REQ-002, SW-REQ-004, SW-REQ-007, SW-REQ-008, SW-REQ-014, SW-REQ-015, SW-REQ-016 | H5: Not run
A6: TC-02 | B6: LED_SET | C6: Test | D6: All LEDs off | E6: Tick LED0 and LED2, press LED_SET. | F6: Response AA 82 00; green and red LEDs on, orange and blue off. | G6: SW-REQ-009, SW-REQ-027 | H6: Not run
A7: TC-03 | B7: LED_TOGGLE valid | C7: Test | D7: Blue LED off | E7: Press Toggle 3. | F7: Response AA 83 00; blue LED on. | G7: SW-REQ-010, SW-REQ-027 | H7: Not run
A8: TC-04 | B8: LED_TOGGLE out of range | C8: Test | D8: Any LED state | E8: Send custom frame CMD 03 DATA 07. | F8: Response AA 83 E2; no LED change. | G8: SW-REQ-013 | H8: Not run
A9: TC-05 | B9: Unknown command | C9: Test | D9: Connected | E9: Send custom frame CMD 42 DATA 00. | F9: Response AA C2 E1 shown in red as BAD_CMD. | G9: SW-REQ-012, SW-REQ-014, SW-REQ-028 | H9: Not run
A10: TC-06 | B10: Button read | C10: Test | D10: Connected | E10: Hold B1, press Read button; release, press again. | F10: Responses AA 84 01 then AA 84 00; label PRESSED then released. | G10: SW-REQ-011, SW-REQ-027 | H10: Not run
A11: TC-07 | B11: Leading garbage | C11: Test | D11: Serial terminal in hex mode | E11: Send 12 34 AA 01 10. | F11: Single response AA 81 10. | G11: SW-REQ-002, SW-REQ-003 | H11: Not run
A12: TC-08 | B12: Inter-byte timeout | C12: Test | D12: Serial terminal in hex mode | E12: Send AA 01, wait 200 ms, send AA 01 20. | F12: Single response AA 81 20. | G12: SW-REQ-005 | H12: Not run
A13: TC-09 | B13: Burst of frames | C13: Test | D13: Python script | E13: Send 20 PING frames back to back with data 0..19. | F13: 20 responses in order, data 0..19, no crash. | G13: SW-REQ-007, SW-REQ-014, SW-REQ-020 | H13: Not run
A14: TC-10 | B14: Disconnect / reconnect | C14: Test | D14: GUI connected | E14: Unplug the USB cable, replug, Refresh, Connect, send PING. | F14: Error logged, then PING answered. | G14: SW-REQ-006, SW-REQ-026 | H14: Not run
A15: TC-11 | B15: Shared UART with log | C15: Test | D15: Board printing log lines | E15: Send each command while the log is active. | F15: All responses decoded; board text shown in grey; no corrupted frame. | G15: SW-REQ-021, SW-REQ-022, SW-REQ-029, SW-REQ-030 | H15: Not run
A16: TC-12 | B16: GUI responsiveness | C16: Test | D16: GUI connected | E16: Click every control repeatedly while resizing the window. | F16: Every frame logged; window never freezes. | G16: SW-REQ-027, SW-REQ-031 | H16: Not run
... A20: TC-16 | B20: Configuration inspection | C20: Inspection | D20: Source code | E20: Inspect stm32f4xx_hal_msp.c, main.h, apk5.c guards. | F20: USART2 priority 5; APK5 macro guards apk5.c. | G20: SW-REQ-018, SW-REQ-024 | H20: Not run

Sheet Traceability
A1: Traceability Matrix SW Requirement x Test Case
A2: APK5-SRS-001 | Version 1.0 | X = test case verifies the requirement (bidirectional, ASPICE SWE.6 BP5)
A4: SW req | B4: Title | C4: TC-01 | D4: TC-02 | E4: TC-03 | F4: TC-04 | G4: TC-05 | H4: TC-06 | I4: TC-07 | J4: TC-08 | K4: TC-09 | L4: TC-10 | M4: TC-11 | N4: TC-12 | O4: TC-13 | P4: TC-14 | Q4: TC-15 | R4: TC-16 | S4: # tests | T4: Coverage
A5: SW-REQ-001 | B5: Interrupt-driven reception | C5: X | S5: =COUNTIF(C5:R5,"X") | T5: =IF(S5>0,"Covered","NOT COVERED")
A6: SW-REQ-002 | B6: RX state machine | C6: X | I6: X | S6: =COUNTIF(C6:R6,"X") | T6: =IF(S6>0,"Covered","NOT COVERED")
A7: SW-REQ-003 | B7: SOF synchronisation | I7: X | S7: =COUNTIF(C7:R7,"X") | T7: =IF(S7>0,"Covered","NOT COVERED")
A8: SW-REQ-004 | B8: Frame hand-over | C8: X | S8: =COUNTIF(C8:R8,"X") | T8: =IF(S8>0,"Covered","NOT COVERED")
A9: SW-REQ-005 | B9: Inter-byte timeout | J9: X | S9: =COUNTIF(C9:R9,"X") | T9: =IF(S9>0,"Covered","NOT COVERED")
A10: SW-REQ-006 | B10: UART error recovery | L10: X | S10: =COUNTIF(C10:R10,"X") | T10: =IF(S10>0,"Covered","NOT COVERED")
A11: SW-REQ-007 | B11: LinkLayer task | C11: X | K11: X | S11: =COUNTIF(C11:R11,"X") | T11: =IF(S11>0,"Covered","NOT COVERED")
A12: SW-REQ-008 | B12: PING command | C12: X | S12: =COUNTIF(C12:R12,"X") | T12: =IF(S12>0,"Covered","NOT COVERED")
A13: SW-REQ-009 | B13: LED_SET command | D13: X | S13: =COUNTIF(C13:R13,"X") | T13: =IF(S13>0,"Covered","NOT COVERED")
A14: SW-REQ-010 | B14: LED_TOGGLE command | E14: X | S14: =COUNTIF(C14:R14,"X") | T14: =IF(S14>0,"Covered","NOT COVERED")
A15: SW-REQ-011 | B15: GET_BUTTON command | H15: X | S15: =COUNTIF(C15:R15,"X") | T15: =IF(S15>0,"Covered","NOT COVERED")
A16: SW-REQ-012 | B16: Unknown command | G16: X | S16: =COUNTIF(C16:R16,"X") | T16: =IF(S16>0,"Covered","NOT COVERED")
A17: SW-REQ-013 | B17: Parameter range check | F17: X | S17: =COUNTIF(C17:R17,"X") | T17: =IF(S17>0,"Covered","NOT COVERED")
A18: SW-REQ-014 | B18: One response per frame | C18: X | G18: X | K18: X | S18: =COUNTIF(C18:R18,"X") | T18: =IF(S18>0,"Covered","NOT COVERED")
A19: SW-REQ-015 | B19: Response frame format | C19: X | S19: =COUNTIF(C19:R19,"X") | T19: =IF(S19>0,"Covered","NOT COVERED")
A20: SW-REQ-016 | B20: Frame trace | C20: X | S20: =COUNTIF(C20:R20,"X") | T20: =IF(S20>0,"Covered","NOT COVERED")
A21: SW-REQ-017 | B21: ISR constraints | Q21: X | S21: =COUNTIF(C21:R21,"X") | T21: =IF(S21>0,"Covered","NOT COVERED")
A22: SW-REQ-018 | B22: Interrupt priority | R22: X | S22: =COUNTIF(C22:R22,"X") | T22: =IF(S22>0,"Covered","NOT COVERED")
A23: SW-REQ-019 | B23: Response time | O23: X | S23: =COUNTIF(C23:R23,"X") | T23: =IF(S23>0,"Covered","NOT COVERED")
A24: SW-REQ-020 | B24: Queue capacity | K24: X | S24: =COUNTIF(C24:R24,"X") | T24: =IF(S24>0,"Covered","NOT COVERED")
A25: SW-REQ-021 | B25: UART mutual exclusion | M25: X | S25: =COUNTIF(C25:R25,"X") | T25: =IF(S25>0,"Covered","NOT COVERED")
A26: SW-REQ-022 | B26: Log character set | M26: X | Q26: X | S26: =COUNTIF(C26:R26,"X") | T26: =IF(S26>0,"Covered","NOT COVERED")
A27: SW-REQ-023 | B27: Task resources | P27: X | S27: =COUNTIF(C27:R27,"X") | T27: =IF(S27>0,"Covered","NOT COVERED")
A28: SW-REQ-024 | B28: Build selection | R28: X | S28: =COUNTIF(C28:R28,"X") | T28: =IF(S28>0,"Covered","NOT COVERED")
A29: SW-REQ-025 | B29: Extensibility | Q29: X | S29: =COUNTIF(C29:R29,"X") | T29: =IF(S29>0,"Covered","NOT COVERED")
A30: SW-REQ-026 | B30: COM port management | L30: X | S30: =COUNTIF(C30:R30,"X") | T30: =IF(S30>0,"Covered","NOT COVERED")
A31: SW-REQ-027 | B31: Command controls | D31: X | E31: X | H31: X | N31: X | S31: =COUNTIF(C31:R31,"X") | T31: =IF(S31>0,"Covered","NOT COVERED")
A32: SW-REQ-028 | B32: Custom frame | G32: X | S32: =COUNTIF(C32:R32,"X") | T32: =IF(S32>0,"Covered","NOT COVERED")
A33: SW-REQ-029 | B33: Host frame parser | M33: X | S33: =COUNTIF(C33:R33,"X") | T33: =IF(S33>0,"Covered","NOT COVERED")
A34: SW-REQ-030 | B34: Log display | M34: X | S34: =COUNTIF(C34:R34,"X") | T34: =IF(S34>0,"Covered","NOT COVERED")
A35: SW-REQ-031 | B35: Responsive GUI | N35: X | S35: =COUNTIF(C35:R35,"X") | T35: =IF(S35>0,"Covered","NOT COVERED")
A36: # reqs | C36: =COUNTIF(C5:C35,"X") | D36: =COUNTIF(D5:D35,"X") | E36: =COUNTIF(E5:E35,"X") | F36: =COUNTIF(F5:F35,"X") | G36: =COUNTIF(G5:G35,"X") | H36: =COUNTIF(H5:H35,"X") | I36: =COUNTIF(I5:I35,"X") | J36: =COUNTIF(J5:J35,"X") | ... R36: =COUNTIF(R5:R35,"X")

Sheet Dashboard
A1: Dashboard
A2: APK5-SRS-001 | Version 1.0 | All values are formulas - they update when the sheets change
A4: Total SW requirements | B4: =COUNTA('SW Requirements'!$A$5:$A$35)
A5: Total system requirements | B5: =COUNTA('System Requirements'!$A$5:$A$13)
A6: Total test cases | B6: =COUNTA('Test Specification'!$A$5:$A$20)
A7: SW reqs covered by a test | B7: =COUNTIF(Traceability!$T$5:$T$35,"Covered") | C7: =IF(B4=0,0,B7/B4)
A8: SYS reqs without SW req | B8: =COUNTIF('System Requirements'!$I$5:$I$13,0)
A9: SW reqs with invalid parent | B9: =COUNTIF('SW Requirements'!$N$5:$N$35,"MISSING")
A11: SW requirements by status
A12: Status | B12: Count | C12: Share
A13: Draft | B13: =COUNTIF('SW Requirements'!$I$5:$I$35,A13) | C13: =IF($B$4=0,0,B13/$B$4)
A14: In review | B14: =COUNTIF('SW Requirements'!$I$5:$I$35,A14) | C14: =IF($B$4=0,0,B14/$B$4)
A15: Accepted | B15: =COUNTIF('SW Requirements'!$I$5:$I$35,A15) | C15: =IF($B$4=0,0,B15/$B$4)
A16: Rejected | B16: =COUNTIF('SW Requirements'!$I$5:$I$35,A16) | C16: =IF($B$4=0,0,B16/$B$4)
A17: Deferred | B17: =COUNTIF('SW Requirements'!$I$5:$I$35,A17) | C17: =IF($B$4=0,0,B17/$B$4)
A20: SW requirements by type
A21: Type | B21: Count | C21: Share
A22: Functional | B22: =COUNTIF('SW Requirements'!$D$5:$D$35,A22) | C22: =IF($B$4=0,0,B22/$B$4)
A23: Non-functional | B23: =COUNTIF('SW Requirements'!$D$5:$D$35,A23) | C23: =IF($B$4=0,0,B23/$B$4)
A24: Interface | B24: =COUNTIF('SW Requirements'!$D$5:$D$35,A24) | C24: =IF($B$4=0,0,B24/$B$4)
A25: Performance | B25: =COUNTIF('SW Requirements'!$D$5:$D$35,A25) | C25: =IF($B$4=0,0,B25/$B$4)
A26: Constraint | B26: =COUNTIF('SW Requirements'!$D$5:$D$35,A26) | C26: =IF($B$4=0,0,B26/$B$4)
A29: SW requirements by verification method
A30: Method | B30: Count | C30: Share
A31: Test | B31: =COUNTIF('SW Requirements'!$J$5:$J$35,A31) | C31: =IF($B$4=0,0,B31/$B$4)
A32: Analysis | B32: =COUNTIF('SW Requirements'!$J$5:$J$35,A32) | C32: =IF($B$4=0,0,B32/$B$4)
A33: Review | B33: =COUNTIF('SW Requirements'!$J$5:$J$35,A33) | C33: =IF($B$4=0,0,B33/$B$4)
A34: Inspection | B34: =COUNTIF('SW Requirements'!$J$5:$J$35,A34) | C34: =IF($B$4=0,0,B34/$B$4)
A35: Demonstration | B35: =COUNTIF('SW Requirements'!$J$5:$J$35,A35) | C35: =IF($B$4=0,0,B35/$B$4)
A38: Test results
A39: Result | B39: Count | C39: Share
A40: Not run | B40: =COUNTIF('Test Specification'!$H$5:$H$20,A40) | C40: =IF($B$6=0,0,B40/$B$6)
A41: Passed | B41: =COUNTIF('Test Specification'!$H$5:$H$20,A41) | C41: =IF($B$6=0,0,B41/$B$6)
A42: Failed | B42: =COUNTIF('Test Specification'!$H$5:$H$20,A42) | C42: =IF($B$6=0,0,B42/$B$6)
A43: Blocked | B43: =COUNTIF('Test Specification'!$H$5:$H$20,A43) | C43: =IF($B$6=0,0,B43/$B$6)
