Workbook

Sheet Cover
A1: APK9 - Simple Safety: Water Heater NORMAL / SAFE
A2: Software Requirements Specification (ASPICE SYS.2 / SWE.1 / SWE.6 traceability)
A4: Document ID | B4: APK9-SRS-001
A5: Version | B5: 1.0
A6: Date | B6: 2026-10-17
A7: Author | B7: M. Hanzouti
A8: Project | B8: f4_disco_rtos - RTOS training
A9: Target | B9: STM32F407G-DISC1, FreeRTOS
A10: Tools | B10: STM32CubeIDE, tools/apk9_gui.py (sensor + actuators + faults)
A11: Type | B11: Simplified safety lab - 2 modes, 4 errors, 1 output writer
A12: Document status | B12: Draft
A14: Revision history
A15: Version | B15: Date | C15: Author | D15: Change
A16: 1.0 | B16: 2026-10-17 | C16: M. Hanzouti | D16: Initial version
A20: Sheets
A21: System Requirements | B21: SYS.2 - system requirements derived from the training goals.
A22: SW Requirements | B22: SWE.1 - software requirements, attributes, parent link, allocation, verification.
A23: Safety Analysis | B23: Fault -> error -> detection -> reaction -> failure prevented; modes; frames.
A24: SW Components | B24: SWE.2 - software architecture elements requirements are allocated to.
A25: Test Specification | B25: SWE.6 - test cases with expected results; Result column to fill in.
A26: Traceability | B26: SW requirement x test case matrix with coverage check.
A27: Dashboard | B27: Live counts: status, type, verification coverage, test results.
A29: Legend
A30: Yellow cells | B30: Editable attributes with a drop-down list (Status, Priority, Method, Result).
A31: 'shall' | B31: Mandatory requirement wording; one 'shall' per requirement.
A32: Status | B32: Draft > In review > Accepted (or Rejected / Deferred).
A33: Verification method | B33: Test, Analysis, Review, Inspection, Demonstration.

Sheet Safety Analysis
A1: Safety analysis and modes
A2: APK9-SRS-001 | Version 1.0 | Architecture deals with errors and failures, not root causes
A4: Safety analysis: Fault -> Error -> Reaction
A5: Fault (root cause) | B5: Error detected | C5: Detection rule | D5: Reaction | E5: Failure prevented | F5: Requirement
A6: Sensor wire cut | B6: ERR_SENSOR (0x01) | C6: SensorValue > 120 (0xFF) | D6: SAFE: heater 0, relay open | E6: heating on an unknown T | F6: SW-REQ-007, 013
A7: Cable / PC lost | B7: ERR_TIMEOUT (0x02) | C7: no sample for 500 ms | D7: SAFE: heater 0, relay open | E7: heating on an unknown T | F7: SW-REQ-008, 013
A8: Heater stuck ON | B8: ERR_OVERTEMP (0x04) | C8: SensorValue > 90 C | D8: SAFE: relay OPEN cuts the stuck heater | E8: heating above 95 C | F8: SW-REQ-009, 013
A9: Software deadlock | B9: ERR_ALIVE (0x08) | C9: ControlAlive unchanged 300 ms | D9: SAFE; reset restarts the MCU | E9: heater frozen ON | F9: SW-REQ-010, 013, 016
A12: Modes
A13: Mode | B13: Heater | C13: Relay | D13: LED | E13: Leave on | F13: Requirement
A14: NORMAL | B14: =PowerRequest (thermostat) | C14: closed | D14: PD12 green | E14: any error -> SAFE | F14: SW-REQ-012, 013
A15: SAFE | B15: 0 % | C15: open | D15: PD14 red | E15: RESET_REQ + fresh valid T < 60 C -> reboot | F15: SW-REQ-014, 015, 016
A18: Frames
A19: CMD | B19: Name | C19: Direction | D19: DATA | E19: Answer / meaning | F19: Requirement
A20: 0x60 | B20: SENSOR_TEMP | C20: PC -> STM32 | D20: C, 0xFF = broken | E20: no answer, every 100 ms | F20: SW-REQ-002
A21: 0x62 | B21: RESET_REQ | C21: PC -> STM32 | D21: 0 | E21: E2 00 reboot / E2 E6 refused | F21: SW-REQ-015
A22: 0x63 | B22: INJECT_FAULT | C22: PC -> STM32 | D22: 1 = deadlock | E22: E3 00 | F22: SW-REQ-020
A23: 0x64 | B23: GET_MODE | C23: PC -> STM32 | D23: 0 | E23: E4 00 NORMAL / E4 01 SAFE | F23: SW-REQ-019
A24: 0x70 | B24: EVT_MODE | C24: STM32 -> PC | D24: 0 NORMAL, 1 SAFE | E24: mode change | F24: SW-REQ-013, 017
A25: 0x71 | B25: EVT_ERROR | C25: STM32 -> PC | D25: 01 sensor, 02 timeout, 04 overtemp, 08 alive | E25: error detected | F25: SW-REQ-013
A26: 0x72 | B26: EVT_HEATER | C26: STM32 -> PC | D26: 64 = 100 %, 00 = off | E26: heater change | F26: SW-REQ-018
A27: 0x73 | B27: EVT_RELAY | C27: STM32 -> PC | D27: 01 closed, 00 open | E27: relay change | F27: SW-REQ-018
A28: 0x74 | B28: EVT_BOOT | C28: STM32 -> PC | D28: 0 | E28: firmware started | F28: SW-REQ-017

Sheet System Requirements
A1: System Requirements (SYS.2)
A2: APK9-SRS-001 | Version 1.0 | Stakeholder: RTOS training
A4: ID | B4: Title | C4: Requirement | D4: Type | E4: Rationale | F4: Priority | G4: Status | H4: Verification method | I4: # SW req linked
A5: SYS-REQ-001 | B5: Temperature control | C5: The system shall keep the water at 40 C by switching a heater on and off. | D5: Functional | E5: Main function. | F5: High | G5: Accepted | H5: Test | I5: =COUNTIF('SW Requirements'!$F$5:$F$200,"*"&A5&"*")
A6: SYS-REQ-002 | B6: Safety goal | C6: The heater shall never be powered while the water is above 95 C or while the water temperature is unknown. | D6: Safety | E6: Burn / boiling hazard. | F6: High | G6: Accepted | H6: Test | I6: =COUNTIF('SW Requirements'!$F$5:$F$200,"*"&A6&"*")
A7: SYS-REQ-003 | B7: Operating modes | C7: The system shall have two modes: NORMAL (control active) and SAFE (heater off, safety relay open). | D7: Safety | E7: Simple, testable safety architecture. | F7: High | G7: Accepted | H7: Test | I7: =COUNTIF('SW Requirements'!$F$5:$F$200,"*"&A7&"*")
A8: SYS-REQ-004 | B8: Error detection | C8: The system shall detect: invalid sensor value, loss of sensor data, overtemperature and loss of the control function. | D8: Safety | E8: Every fault that can lead to the hazard. | F8: High | G8: Accepted | H8: Test | I8: =COUNTIF('SW Requirements'!$F$5:$F$200,"*"&A8&"*")
A9: SYS-REQ-005 | B9: Safe reaction | C9: On any detected error the system shall switch the heater off, open the safety relay and enter SAFE. | D9: Safety | E9: One reaction for every error. | F9: High | G9: Accepted | H9: Test | I9: =COUNTIF('SW Requirements'!$F$5:$F$200,"*"&A9&"*")
A10: SYS-REQ-006 | B10: Leaving SAFE | C10: The system shall leave SAFE only on an operator reset request, and only with a valid, fresh temperature below 60 C. | D10: Safety | E10: No automatic restart into a hazard. | F10: High | G10: Accepted | H10: Test | I10: =COUNTIF('SW Requirements'!$F$5:$F$200,"*"&A10&"*")
A11: SYS-REQ-007 | B11: Diagnostics | C11: The system shall report its mode, the detected errors and the state of the heater and of the relay to the PC. | D11: Functional | E11: Observability. | F11: High | G11: Accepted | H11: Test | I11: =COUNTIF('SW Requirements'!$F$5:$F$200,"*"&A11&"*")
A12: SYS-REQ-008 | B12: Lab plant | C12: The PC tool shall simulate the water, the temperature sensor and the faults (sensor wire cut, cable lost, heater stuck ON, software deadlock). | D12: Functional | E12: Training without hardware hazards. | F12: High | G12: Accepted | H12: Test | I12: =COUNTIF('SW Requirements'!$F$5:$F$200,"*"&A12&"*")

Sheet SW Requirements
A1: Software Requirements (SWE.1)
A2: APK9-SRS-001 | Version 1.0 | Parent: System Requirements | Allocation: SW Components
A4: ID | B4: Title | C4: Requirement | D4: Type | E4: SW component (SWE.2) | F4: Parent SYS req | G4: Rationale | H4: Priority | I4: Status | J4: Verification method | K4: Acceptance criteria | L4: Test case(s) (SWE.6) | M4: Release | N4: Parent valid | O4: Comment
A5: SW-REQ-001 | B5: Link layer | C5: The firmware shall receive 3-byte frames (AA CMD DATA) with the APK5 RX interrupt state machine and QueueFrame, and send frames with SendFrame under xUartMutex. | D5: Interface | E5: SWC-LL | F5: SYS-REQ-007 | G5: Validated in APK5. | H5: High | I5: Accepted | J5: Test | K5: PING answered: AA 01 55 -> AA 81 55. | L5: TC-01 | M5: R1.0 | N5: =IF(ISNUMBER(MATCH(LEFT(F5,11),'System Requirements'!$A$5:$A$12,0)),"OK","MISSING")
A6: SW-REQ-002 | B6: Sensor input | C6: On SENSOR_TEMP (AA 60 TT) the LinkLayer shall store SensorValue = TT and SensorTick = now, set SensorSeen, and send no answer. | D6: Functional | E6: SWC-LL | F6: SYS-REQ-001, SYS-REQ-004 | G6: Periodic data, latest value only. | H6: High | I6: Accepted | J6: Test | K6: Heater follows the temperature sent. | L6: TC-02 | M6: R1.0 | N6: =IF(ISNUMBER(MATCH(LEFT(F6,11),'System Requirements'!$A$5:$A$12,0)),"OK","MISSING")
A7: SW-REQ-003 | B7: Thermostat | C7: Every 100 ms the ControlTask shall set PowerRequest = 100 when SensorValue <= 38 C, 0 when SensorValue >= 40 C, keep it otherwise, and 0 when SensorValue > 120. | D7: Functional | E7: SWC-CTRL | F7: SYS-REQ-001 | G7: On/off control with 2 C hysteresis. | H7: High | I7: Accepted | J7: Test | K7: Water regulated between 38 and 40 C. | L7: TC-02 | M7: R1.0 | N7: =IF(ISNUMBER(MATCH(LEFT(F7,11),'System Requirements'!$A$5:$A$12,0)),"OK","MISSING")
A8: SW-REQ-004 | B8: Heartbeat | C8: The ControlTask shall increment ControlAlive at every cycle. | D8: Safety | E8: SWC-CTRL | F8: SYS-REQ-004 | G8: Supervision of the function. | H8: High | I8: Accepted | J8: Test | K8: Deadlock detected. | L8: TC-06 | M8: R1.0 | N8: =IF(ISNUMBER(MATCH(LEFT(F8,11),'System Requirements'!$A$5:$A$12,0)),"OK","MISSING")
A9: SW-REQ-005 | B9: No output in the function | C9: The ControlTask shall never write the heater or the relay; it only writes PowerRequest. | D9: Safety | E9: SWC-CTRL | F9: SYS-REQ-002 | G9: A bug in the function cannot drive the heater. | H9: High | I9: Accepted | J9: Review | K9: No HAL_GPIO / output call in ControlTask. | L9: TC-08 | M9: R1.0 | N9: =IF(ISNUMBER(MATCH(LEFT(F9,11),'System Requirements'!$A$5:$A$12,0)),"OK","MISSING")
A10: SW-REQ-006 | B10: Single output writer | C10: The SafetyTask shall be the only software element that writes the heater and the relay (WriteOutputs). | D10: Safety | E10: SWC-SAFE | F10: SYS-REQ-002, SYS-REQ-005 | G10: No conflict, no race on the outputs. | H10: High | I10: Accepted | J10: Review | K10: WriteOutputs called only from SafetyTask. | L10: TC-08 | M10: R1.0 | N10: =IF(ISNUMBER(MATCH(LEFT(F10,11),'System Requirements'!$A$5:$A$12,0)),"OK","MISSING")
A11: SW-REQ-007 | B11: Sensor error | C11: The SafetyTask shall raise ERR_SENSOR (0x01) when, after the first sample, SensorValue > 120 C (0xFF = broken sensor). | D11: Safety | E11: SWC-SAFE | F11: SYS-REQ-004 | G11: Sensor wire cut. | H11: High | I11: Accepted | J11: Test | K11: Wire cut -> SAFE, EVT_ERROR 01. | L11: TC-03 | M11: R1.0 | N11: =IF(ISNUMBER(MATCH(LEFT(F11,11),'System Requirements'!$A$5:$A$12,0)),"OK","MISSING")
A12: SW-REQ-008 | B12: Timeout error | C12: The SafetyTask shall raise ERR_TIMEOUT (0x02) when, after the first sample, no sample arrived for 500 ms. | D12: Safety | E12: SWC-SAFE | F12: SYS-REQ-004 | G12: Cable or PC lost. | H12: High | I12: Accepted | J12: Test | K12: Cable lost -> SAFE, EVT_ERROR 02 within 600 ms. | L12: TC-04 | M12: R1.0 | N12: =IF(ISNUMBER(MATCH(LEFT(F12,11),'System Requirements'!$A$5:$A$12,0)),"OK","MISSING")
A13: SW-REQ-009 | B13: Overtemperature error | C13: The SafetyTask shall raise ERR_OVERTEMP (0x04) when SensorValue > 90 C (5 C margin to the 95 C hazard). | D13: Safety | E13: SWC-SAFE | F13: SYS-REQ-002, SYS-REQ-004 | G13: Detect before the hazard. | H13: High | I13: Accepted | J13: Test | K13: Heater stuck ON -> SAFE at > 90 C, never heating above 95 C. | L13: TC-05 | M13: R1.0 | N13: =IF(ISNUMBER(MATCH(LEFT(F13,11),'System Requirements'!$A$5:$A$12,0)),"OK","MISSING")
A14: SW-REQ-010 | B14: Alive error | C14: The SafetyTask shall raise ERR_ALIVE (0x08) when ControlAlive did not change for 300 ms. | D14: Safety | E14: SWC-SAFE | F14: SYS-REQ-004 | G14: Software fault of the function. | H14: High | I14: Accepted | J14: Test | K14: Deadlock -> SAFE, EVT_ERROR 08 within 400 ms. | L14: TC-06 | M14: R1.0 | N14: =IF(ISNUMBER(MATCH(LEFT(F14,11),'System Requirements'!$A$5:$A$12,0)),"OK","MISSING")
A15: SW-REQ-011 | B15: Supervision period | C15: The SafetyTask shall run every 50 ms (vTaskDelayUntil) with the highest priority (4). | D15: Performance | E15: SWC-SAFE | F15: SYS-REQ-004, SYS-REQ-005 | G15: Fast, never delayed reaction. | H15: High | I15: Accepted | J15: Inspection | K15: xTaskCreate priority 4, 50 ms period. | L15: TC-08 | M15: R1.0 | N15: =IF(ISNUMBER(MATCH(LEFT(F15,11),'System Requirements'!$A$5:$A$12,0)),"OK","MISSING")
A16: SW-REQ-012 | B16: NORMAL outputs | C16: In NORMAL without error, the SafetyTask shall write heater = PowerRequest and relay closed. | D16: Functional | E16: SWC-SAFE | F16: SYS-REQ-001, SYS-REQ-003 | G16: Control active. | H16: High | I16: Accepted | J16: Test | K16: EVT_HEATER follows the thermostat, EVT_RELAY 01. | L16: TC-02 | M16: R1.0 | N16: =IF(ISNUMBER(MATCH(LEFT(F16,11),'System Requirements'!$A$5:$A$12,0)),"OK","MISSING")
... A29: SW-REQ-025 | B29: Simulator | C29: The GUI shall offer a 'Simulator (no board)' port behaving like apk9.c. | D29: Functional | E29: SWC-SIM | F29: SYS-REQ-008 | G29: Work without a board. | H29: Low | I29: Accepted | J29: Test | K29: Same results as the board. | L29: TC-07 | M29: R1.0 | N29: =IF(ISNUMBER(MATCH(LEFT(F29,11),'System Requirements'!$A$5:$A$12,0)),"OK","MISSING")

Sheet SW Components
A1: Software Components (SWE.2)
A2: APK9-SRS-001 | Version 1.0 | Elements of the software architecture
A4: Component ID | B4: Name | C4: Implementation | D4: File | E4: Execution context | F4: Responsibility | G4: # SW req allocated
A5: SWC-LL | B5: Link layer | C5: RX ISR, QueueFrame, LinkLayer(), SendFrame() | D5: Core/Src/apk9.c | E5: Interrupt + task prio 3 | F5: Frames -> shared variables, answers. | G5: =COUNTIF('SW Requirements'!$E$5:$E$200,"*"&A5&"*")
A6: SWC-CTRL | B6: ControlTask | C6: ControlTask(), 100 ms | D6: Core/Src/apk9.c | E6: Task prio 2 | F6: Thermostat, PowerRequest, heartbeat. | G6: =COUNTIF('SW Requirements'!$E$5:$E$200,"*"&A6&"*")
A7: SWC-SAFE | B7: SafetyTask | C7: SafetyTask(), CheckErrors(), WriteOutputs(), 50 ms | D7: Core/Src/apk9.c | E7: Task prio 4 | F7: 4 errors, NORMAL / SAFE, only output writer, reset. | G7: =COUNTIF('SW Requirements'!$E$5:$E$200,"*"&A7&"*")
A8: SWC-GUI | B8: Host GUI | C8: MainWindow, Chart, plant model | D8: tools/apk9_gui.py | E8: PyQt5 | F8: Sensor + actuators + water, faults, display. | G8: =COUNTIF('SW Requirements'!$E$5:$E$200,"*"&A8&"*")
A9: SWC-SIM | B9: Board simulator | C9: SimBoard | D9: tools/apk9_gui.py | E9: Python threads | F9: Software twin of apk9.c. | G9: =COUNTIF('SW Requirements'!$E$5:$E$200,"*"&A9&"*")

Sheet Test Specification
A1: Software Qualification Test Specification (SWE.6)
A2: APK9-SRS-001 | Version 1.0 | Fill in Result, Date and Tester after each run
A4: Test ID | B4: Title | C4: Method | D4: Precondition | E4: Steps | F4: Expected result | G4: Verifies | H4: Result | I4: Date | J4: Tester | K4: Remark
A5: TC-01 | B5: Start-up and link | C5: Test | D5: Board running APK9, GUI connected | E5: Reset the board; click Get mode; ping. | F5: AA 74 00, AA 70 00; AA E4 00; AA 81 xx. | G5: SW-REQ-001, SW-REQ-017, SW-REQ-019 | H5: Not run
A6: TC-02 | B6: Normal regulation | C6: Test | D6: NORMAL, water 20 C | E6: Wait 60 s. | F6: Heater ON until 40 C, then cycles between 38 and 40 C; relay closed; no error. | G6: SW-REQ-002, SW-REQ-003, SW-REQ-012, SW-REQ-018, SW-REQ-022 | H6: Not run
A7: TC-03 | B7: Sensor wire cut | C7: Test | D7: NORMAL | E7: Tick 'Sensor wire cut'. | F7: SAFE within 50 ms, EVT_ERROR 01, heater 0, relay open; reset accepted after untick. | G7: SW-REQ-007, SW-REQ-013, SW-REQ-023 | H7: Not run
A8: TC-04 | B8: Cable lost | C8: Test | D8: NORMAL | E8: Tick 'Cable lost'. | F8: SAFE within 600 ms, EVT_ERROR 02. | G8: SW-REQ-008, SW-REQ-013, SW-REQ-023 | H8: Not run
A9: TC-05 | B9: Heater stuck ON | C9: Test | D9: NORMAL | E9: Tick 'Heater stuck ON'; RESET at 85 C; untick; RESET at 55 C. | F9: SAFE at > 90 C, EVT_ERROR 04, relay open, T falls, FAILURE never shown; reset refused (E6) then accepted, reboot, NORMAL. | G9: SW-REQ-009, SW-REQ-013, SW-REQ-014, SW-REQ-015, SW-REQ-016, SW-REQ-023 | H9: Not run
A10: TC-06 | B10: Software deadlock | C10: Test | D10: NORMAL | E10: Click 'SW bug: deadlock'; then RESET. | F10: SAFE within 400 ms, EVT_ERROR 08; reset accepted, EVT_BOOT, NORMAL. | G10: SW-REQ-004, SW-REQ-010, SW-REQ-013, SW-REQ-016, SW-REQ-020, SW-REQ-023 | H10: Not run
A11: TC-07 | B11: GUI and simulator | C11: Test | D11: GUI, port 'Simulator (no board)' | E11: Repeat TC-01..TC-06. | F11: Same results as the board. | G11: SW-REQ-019, SW-REQ-024, SW-REQ-025 | H11: Not run
A12: TC-08 | B12: Code review | C12: Review | D12: apk9.c | E12: Check single output writer, single writer per variable, priorities and periods. | F12: All checklist items OK. | G12: SW-REQ-005, SW-REQ-006, SW-REQ-011, SW-REQ-021 | H12: Not run

Sheet Traceability
A1: Traceability Matrix SW Requirement x Test Case
A2: APK9-SRS-001 | Version 1.0 | X = test case verifies the requirement (bidirectional, ASPICE SWE.6 BP5)
A4: SW req | B4: Title | C4: TC-01 | D4: TC-02 | E4: TC-03 | F4: TC-04 | G4: TC-05 | H4: TC-06 | I4: TC-07 | J4: TC-08 | K4: # tests | L4: Coverage
A5: SW-REQ-001 | B5: Link layer | C5: X | K5: =COUNTIF(C5:J5,"X") | L5: =IF(K5>0,"Covered","NOT COVERED")
A6: SW-REQ-002 | B6: Sensor input | D6: X | K6: =COUNTIF(C6:J6,"X") | L6: =IF(K6>0,"Covered","NOT COVERED")
A7: SW-REQ-003 | B7: Thermostat | D7: X | K7: =COUNTIF(C7:J7,"X") | L7: =IF(K7>0,"Covered","NOT COVERED")
A8: SW-REQ-004 | B8: Heartbeat | H8: X | K8: =COUNTIF(C8:J8,"X") | L8: =IF(K8>0,"Covered","NOT COVERED")
A9: SW-REQ-005 | B9: No output in the function | J9: X | K9: =COUNTIF(C9:J9,"X") | L9: =IF(K9>0,"Covered","NOT COVERED")
A10: SW-REQ-006 | B10: Single output writer | J10: X | K10: =COUNTIF(C10:J10,"X") | L10: =IF(K10>0,"Covered","NOT COVERED")
A11: SW-REQ-007 | B11: Sensor error | E11: X | K11: =COUNTIF(C11:J11,"X") | L11: =IF(K11>0,"Covered","NOT COVERED")
A12: SW-REQ-008 | B12: Timeout error | F12: X | K12: =COUNTIF(C12:J12,"X") | L12: =IF(K12>0,"Covered","NOT COVERED")
A13: SW-REQ-009 | B13: Overtemperature error | G13: X | K13: =COUNTIF(C13:J13,"X") | L13: =IF(K13>0,"Covered","NOT COVERED")
A14: SW-REQ-010 | B14: Alive error | H14: X | K14: =COUNTIF(C14:J14,"X") | L14: =IF(K14>0,"Covered","NOT COVERED")
A15: SW-REQ-011 | B15: Supervision period | J15: X | K15: =COUNTIF(C15:J15,"X") | L15: =IF(K15>0,"Covered","NOT COVERED")
A16: SW-REQ-012 | B16: NORMAL outputs | D16: X | K16: =COUNTIF(C16:J16,"X") | L16: =IF(K16>0,"Covered","NOT COVERED")
A17: SW-REQ-013 | B17: Enter SAFE | E17: X | F17: X | G17: X | H17: X | K17: =COUNTIF(C17:J17,"X") | L17: =IF(K17>0,"Covered","NOT COVERED")
A18: SW-REQ-014 | B18: Stay SAFE | G18: X | K18: =COUNTIF(C18:J18,"X") | L18: =IF(K18>0,"Covered","NOT COVERED")
A19: SW-REQ-015 | B19: Reset request | G19: X | K19: =COUNTIF(C19:J19,"X") | L19: =IF(K19>0,"Covered","NOT COVERED")
A20: SW-REQ-016 | B20: Restart | G20: X | H20: X | K20: =COUNTIF(C20:J20,"X") | L20: =IF(K20>0,"Covered","NOT COVERED")
A21: SW-REQ-017 | B21: Start-up | C21: X | K21: =COUNTIF(C21:J21,"X") | L21: =IF(K21>0,"Covered","NOT COVERED")
A22: SW-REQ-018 | B22: Actuator reports | D22: X | K22: =COUNTIF(C22:J22,"X") | L22: =IF(K22>0,"Covered","NOT COVERED")
A23: SW-REQ-019 | B23: Commands | C23: X | I23: X | K23: =COUNTIF(C23:J23,"X") | L23: =IF(K23>0,"Covered","NOT COVERED")
A24: SW-REQ-020 | B24: Deadlock injection | H24: X | K24: =COUNTIF(C24:J24,"X") | L24: =IF(K24>0,"Covered","NOT COVERED")
A25: SW-REQ-021 | B25: Single writer data | J25: X | K25: =COUNTIF(C25:J25,"X") | L25: =IF(K25>0,"Covered","NOT COVERED")
A26: SW-REQ-022 | B26: Plant model | D26: X | K26: =COUNTIF(C26:J26,"X") | L26: =IF(K26>0,"Covered","NOT COVERED")
A27: SW-REQ-023 | B27: Fault buttons | E27: X | F27: X | G27: X | H27: X | K27: =COUNTIF(C27:J27,"X") | L27: =IF(K27>0,"Covered","NOT COVERED")
A28: SW-REQ-024 | B28: GUI display | I28: X | K28: =COUNTIF(C28:J28,"X") | L28: =IF(K28>0,"Covered","NOT COVERED")
A29: SW-REQ-025 | B29: Simulator | I29: X | K29: =COUNTIF(C29:J29,"X") | L29: =IF(K29>0,"Covered","NOT COVERED")
A30: # reqs | C30: =COUNTIF(C5:C29,"X") | D30: =COUNTIF(D5:D29,"X") | E30: =COUNTIF(E5:E29,"X") | F30: =COUNTIF(F5:F29,"X") | G30: =COUNTIF(G5:G29,"X") | H30: =COUNTIF(H5:H29,"X") | I30: =COUNTIF(I5:I29,"X") | J30: =COUNTIF(J5:J29,"X")

Sheet Dashboard
A1: Dashboard
A2: APK9-SRS-001 | Version 1.0 | All values are formulas - they update when the sheets change
A4: Total SW requirements | B4: =COUNTA('SW Requirements'!$A$5:$A$29)
A5: Total system requirements | B5: =COUNTA('System Requirements'!$A$5:$A$12)
A6: Total test cases | B6: =COUNTA('Test Specification'!$A$5:$A$12)
A7: SW reqs covered by a test | B7: =COUNTIF(Traceability!$L$5:$L$29,"Covered") | C7: =IF(B4=0,0,B7/B4)
A8: SYS reqs without SW req | B8: =COUNTIF('System Requirements'!$I$5:$I$12,0)
A9: SW reqs with invalid parent | B9: =COUNTIF('SW Requirements'!$N$5:$N$29,"MISSING")
A11: SW requirements by status
A12: Status | B12: Count | C12: Share
A13: Draft | B13: =COUNTIF('SW Requirements'!$I$5:$I$29,A13) | C13: =IF($B$4=0,0,B13/$B$4)
A14: In review | B14: =COUNTIF('SW Requirements'!$I$5:$I$29,A14) | C14: =IF($B$4=0,0,B14/$B$4)
A15: Accepted | B15: =COUNTIF('SW Requirements'!$I$5:$I$29,A15) | C15: =IF($B$4=0,0,B15/$B$4)
A16: Rejected | B16: =COUNTIF('SW Requirements'!$I$5:$I$29,A16) | C16: =IF($B$4=0,0,B16/$B$4)
A17: Deferred | B17: =COUNTIF('SW Requirements'!$I$5:$I$29,A17) | C17: =IF($B$4=0,0,B17/$B$4)
A20: SW requirements by type
A21: Type | B21: Count | C21: Share
A22: Functional | B22: =COUNTIF('SW Requirements'!$D$5:$D$29,A22) | C22: =IF($B$4=0,0,B22/$B$4)
A23: Safety | B23: =COUNTIF('SW Requirements'!$D$5:$D$29,A23) | C23: =IF($B$4=0,0,B23/$B$4)
A24: Non-functional | B24: =COUNTIF('SW Requirements'!$D$5:$D$29,A24) | C24: =IF($B$4=0,0,B24/$B$4)
A25: Interface | B25: =COUNTIF('SW Requirements'!$D$5:$D$29,A25) | C25: =IF($B$4=0,0,B25/$B$4)
A26: Performance | B26: =COUNTIF('SW Requirements'!$D$5:$D$29,A26) | C26: =IF($B$4=0,0,B26/$B$4)
A27: Constraint | B27: =COUNTIF('SW Requirements'!$D$5:$D$29,A27) | C27: =IF($B$4=0,0,B27/$B$4)
A30: SW requirements by verification method
A31: Method | B31: Count | C31: Share
A32: Test | B32: =COUNTIF('SW Requirements'!$J$5:$J$29,A32) | C32: =IF($B$4=0,0,B32/$B$4)
A33: Analysis | B33: =COUNTIF('SW Requirements'!$J$5:$J$29,A33) | C33: =IF($B$4=0,0,B33/$B$4)
A34: Review | B34: =COUNTIF('SW Requirements'!$J$5:$J$29,A34) | C34: =IF($B$4=0,0,B34/$B$4)
A35: Inspection | B35: =COUNTIF('SW Requirements'!$J$5:$J$29,A35) | C35: =IF($B$4=0,0,B35/$B$4)
A36: Demonstration | B36: =COUNTIF('SW Requirements'!$J$5:$J$29,A36) | C36: =IF($B$4=0,0,B36/$B$4)
A39: Test results
A40: Result | B40: Count | C40: Share
A41: Not run | B41: =COUNTIF('Test Specification'!$H$5:$H$12,A41) | C41: =IF($B$6=0,0,B41/$B$6)
A42: Passed | B42: =COUNTIF('Test Specification'!$H$5:$H$12,A42) | C42: =IF($B$6=0,0,B42/$B$6)
A43: Failed | B43: =COUNTIF('Test Specification'!$H$5:$H$12,A43) | C43: =IF($B$6=0,0,B43/$B$6)
A44: Blocked | B44: =COUNTIF('Test Specification'!$H$5:$H$12,A44) | C44: =IF($B$6=0,0,B44/$B$6)
